,zip,walkscore,state,county,area_codes,country,latitude,longitude,irs_estimated_population
11278,27006,1,NC,Davie County,"336, 743",US,35.93,-80.4,14560
11279,27007,0,NC,Surry County,"336, 743",US,36.4,-80.56,1870
11280,27009,0,NC,Forsyth County,"336, 743",US,36.25,-80.06,2600
11282,27011,1,NC,Yadkin County,"336, 743",US,36.23,-80.7,4830
11283,27012,1,NC,Forsyth County,"336, 743",US,36.02,-80.38,28860
11284,27013,0,NC,Rowan County,"336, 704, 743, 980",US,35.73,-80.67,5750
11286,27016,0,NC,Stokes County,"336, 743",US,36.45,-80.22,1380
11287,27017,0,NC,Surry County,"336, 743",US,36.39,-80.72,7570
11288,27018,0,NC,Yadkin County,"336, 743",US,36.21,-80.5,6640
11289,27019,1,NC,Stokes County,"336, 743",US,36.26,-80.23,3390
11290,27020,3,NC,Yadkin County,"336, 704, 743, 980",US,36.11,-80.81,5300
11291,27021,0,NC,Stokes County,"336, 743",US,36.27,-80.35,15270
11292,27022,0,NC,Stokes County,"276, 336, 743",US,36.51,-80.22,1210
11293,27023,7,NC,Forsyth County,"336, 743",US,36.09,-80.4,13020
11294,27024,0,NC,Surry County,"276, 336, 743",US,36.52,-80.84,2040
11295,27025,0,NC,Rockingham County,"336, 743",US,36.38,-79.97,9190
11296,27027,0,NC,Rockingham County,"336, 743",US,36.41,-79.97,3160
11297,27028,0,NC,Davie County,"336, 704, 743, 980",US,35.89,-80.55,23650
11298,27030,31,NC,Surry County,"276, 336, 743",US,36.5,-80.61,30130
11300,27040,0,NC,Forsyth County,"336, 743",US,36.17,-80.39,12200
11301,27041,0,NC,Surry County,"336, 743",US,36.38,-80.47,6840
11302,27042,0,NC,Stokes County,"336, 743",US,36.35,-80.06,600
11303,27043,13,NC,Stokes County,"336, 743",US,36.33,-80.4,5470
11304,27045,12,NC,Forsyth County,"336, 743",US,36.23,-80.29,9170
11305,27046,0,NC,Stokes County,"276, 336, 743",US,36.5,-80.11,1630
11306,27047,0,NC,Surry County,"336, 743",US,36.32,-80.57,1010
11307,27048,0,NC,Rockingham County,"276, 336, 743",US,36.46,-79.9,6890
11309,27050,0,NC,Forsyth County,"336, 743",US,36.23,-80.39,3570
11310,27051,3,NC,Forsyth County,"336, 743",US,36.17,-80.15,7720
11311,27052,0,NC,Stokes County,"336, 743",US,36.29,-80.13,8520
11312,27053,5,NC,Stokes County,"276, 336, 743",US,36.47,-80.35,2660
11313,27054,0,NC,Rowan County,"336, 704, 743, 980",US,35.76,-80.59,2440
11314,27055,10,NC,Yadkin County,"336, 704, 743, 980",US,36.13,-80.65,12470
11318,27101,2,NC,Forsyth County,"336, 743",US,36.1,-80.24,15210
11320,27103,27,NC,Forsyth County,"336, 743",US,36.06,-80.32,30880
11321,27104,21,NC,Forsyth County,"336, 743",US,36.1,-80.32,27290
11322,27105,9,NC,Forsyth County,"336, 743",US,36.16,-80.23,32900
11323,27106,19,NC,Forsyth County,"336, 743",US,36.14,-80.32,42180
11324,27107,4,NC,Forsyth County,"336, 743",US,36.01,-80.18,43640
11326,27109,29,NC,Forsyth County,"336, 743",US,36.13,-80.28,73
11335,27127,7,NC,Forsyth County,"336, 743",US,36.02,-80.28,35000
11347,27203,1,NC,Randolph County,"336, 743",US,35.71,-79.81,17700
11349,27205,3,NC,Randolph County,"336, 472, 743, 910",US,35.65,-79.84,29190
11350,27207,2,NC,Chatham County,"336, 472, 743, 910, 919, 984",US,35.6,-79.36,3200
11351,27208,0,NC,Chatham County,"336, 472, 743, 910, 919, 984",US,35.57,-79.52,1490
11352,27209,1,NC,Montgomery County,"472, 910",US,35.36,-79.78,3840
11353,27212,0,NC,Caswell County,"336, 743",US,36.51,-79.28,1220
11355,27214,5,NC,Guilford County,"336, 743",US,36.21,-79.67,11570
11356,27215,0,NC,Alamance County,"336, 743",US,36.08,-79.44,39330
11358,27217,0,NC,Alamance County,"336, 743, 919, 984",US,36.19,-79.38,33790
11361,27229,0,NC,Montgomery County,"472, 910",US,35.29,-79.74,3480
11363,27231,0,NC,Orange County,"336, 743, 919, 984",US,36.2,-79.17,1840
11364,27233,0,NC,Randolph County,"336, 743",US,35.89,-79.71,3090
11365,27235,0,NC,Guilford County,"336, 743",US,36.09,-80.01,5440
11367,27239,0,NC,Davidson County,"336, 704, 743, 980",US,35.63,-80.11,7860
11368,27242,0,NC,Moore County,"472, 910",US,35.3,-79.65,1560
11369,27243,0,NC,Orange County,"919, 984",US,36.06,-79.17,4380
11370,27244,0,NC,Alamance County,"336, 743",US,36.09,-79.51,10290
11372,27248,0,NC,Randolph County,"336, 743",US,35.74,-79.69,3750
11373,27249,0,NC,Guilford County,"336, 743",US,36.1,-79.54,12180
11374,27252,0,NC,Chatham County,"336, 472, 743, 910, 919, 984",US,35.59,-79.32,1500
11375,27253,8,NC,Alamance County,"336, 743, 919, 984",US,36.06,-79.39,28170
11377,27258,0,NC,Alamance County,"336, 743, 919, 984",US,36.09,-79.36,6650
11379,27260,27,NC,Guilford County,"336, 743",US,35.95,-79.99,19860
11381,27262,10,NC,Guilford County,"336, 743",US,35.96,-80.04,19190
11382,27263,2,NC,Randolph County,"336, 743",US,35.91,-79.94,18690
11384,27265,3,NC,Guilford County,"336, 743",US,35.98,-79.99,47290
11386,27278,12,NC,Orange County,"919, 984",US,36.07,-79.1,26940
11387,27281,0,NC,Moore County,"472, 910",US,35.19,-79.64,2650
11388,27282,14,NC,Guilford County,"336, 743",US,35.99,-79.93,15150
11389,27283,0,NC,Guilford County,"336, 743",US,35.95,-79.63,2860
11390,27284,21,NC,Forsyth County,"336, 743",US,36.11,-80.07,52070
11392,27288,56,NC,Rockingham County,"276, 336, 434, 743",US,36.5,-79.74,18380
11394,27291,3,NC,Caswell County,"336, 743",US,36.4,-79.16,1290
11395,27292,7,NC,Davidson County,"336, 704, 743, 980",US,35.8,-80.25,32940
11398,27295,5,NC,Davidson County,"336, 743",US,35.87,-80.31,34800
11399,27298,0,NC,Randolph County,"336, 743, 919, 984",US,35.85,-79.57,9520
11400,27299,0,NC,Davidson County,"336, 704, 743, 980",US,35.75,-80.39,4740
11401,27301,3,NC,Guilford County,"336, 743",US,36.1,-79.66,9800
11402,27302,52,NC,Alamance County,"336, 743, 919, 984",US,36.09,-79.27,30650
11403,27305,0,NC,Caswell County,"336, 434, 743",US,36.53,-79.2,1180
11404,27306,0,NC,Montgomery County,"472, 704, 910, 980",US,35.21,-80,5440
11405,27310,5,NC,Guilford County,"336, 743",US,36.17,-79.98,8840
11406,27311,0,NC,Caswell County,"336, 434, 743",US,36.5,-79.46,2660
11407,27312,8,NC,Chatham County,"336, 743, 919, 984",US,35.71,-79.17,20860
11408,27313,0,NC,Guilford County,"336, 743",US,35.96,-79.77,6250
11409,27314,0,NC,Caswell County,"336, 743, 919, 984",US,36.25,-79.2,930
11410,27315,0,NC,Caswell County,"336, 434, 743",US,36.5,-79.36,1530
11411,27316,3,NC,Randolph County,"336, 743, 919, 984",US,35.73,-79.65,5920
11412,27317,6,NC,Randolph County,"336, 743",US,35.81,-79.8,15160
11413,27320,12,NC,Rockingham County,"336, 743",US,36.34,-79.67,32110
11417,27325,21,NC,Moore County,"336, 472, 743, 910",US,35.43,-79.58,5260
11418,27326,0,NC,Rockingham County,"336, 434, 743",US,36.45,-79.55,3130
11419,27330,0,NC,Lee County,"472, 910, 919, 984",US,35.47,-79.18,35010
11421,27332,0,NC,Lee County,"472, 910, 919, 984",US,35.36,-79.13,29700
11423,27341,0,NC,Randolph County,"336, 472, 743, 910",US,35.54,-79.77,4560
11425,27343,0,NC,Person County,"336, 434, 743",US,36.49,-79.14,1380
11426,27344,3,NC,Chatham County,"336, 743, 919, 984",US,35.72,-79.46,15550
11427,27349,0,NC,Alamance County,"336, 743, 919, 984",US,35.86,-79.41,5840
11428,27350,2,NC,Randolph County,"336, 743",US,35.81,-79.89,5780
11430,27355,0,NC,Randolph County,"336, 743, 919, 984",US,35.79,-79.55,2230
11431,27356,0,NC,Montgomery County,"336, 472, 743, 910",US,35.4,-79.78,2330
11432,27357,6,NC,Rockingham County,"336, 743",US,36.23,-79.98,9170
11433,27358,0,NC,Guilford County,"336, 743",US,36.2,-79.89,14950
11435,27360,61,NC,Davidson County,"336, 743",US,35.88,-80.07,40390
11437,27370,31,NC,Randolph County,"336, 743",US,35.88,-80.01,14090
11438,27371,3,NC,Montgomery County,"336, 472, 704, 743, 910, 980",US,35.36,-79.89,5980
11442,27376,0,NC,Moore County,"472, 910",US,35.24,-79.53,9880
11443,27377,3,NC,Guilford County,"336, 743",US,36.03,-79.59,10400
11444,27379,0,NC,Caswell County,"336, 743",US,36.4,-79.34,3580
11445,27395,3,NC,Guilford County,336,US,36.07,-79.79,0
11446,27401,40,NC,Guilford County,"336, 743",US,36.07,-79.77,13180
11448,27403,57,NC,Guilford County,"336, 743",US,36.07,-79.82,13890
11450,27405,24,NC,Guilford County,"336, 743",US,36.11,-79.74,43590
11451,27406,5,NC,Guilford County,"336, 743",US,36,-79.76,51610
11452,27407,36,NC,Guilford County,"336, 743",US,36.01,-79.88,42550
11453,27408,35,NC,Guilford County,"336, 743",US,36.1,-79.81,16340
11454,27409,7,NC,Guilford County,"336, 743",US,36.07,-79.96,14810
11455,27410,11,NC,Guilford County,"336, 743",US,36.12,-79.89,49800
11469,27455,0,NC,Guilford County,"336, 743",US,36.18,-79.81,28510
11471,27495,37,NC,Guilford County,336,US,36.07,-79.82,0
11475,27501,0,NC,Harnett County,"472, 910, 919, 984",US,35.51,-78.73,19800
11476,27502,0,NC,Wake County,"919, 984",US,35.72,-78.84,46890
11477,27503,2,NC,Durham County,"919, 984",US,36.17,-78.88,3500
11478,27504,17,NC,Johnston County,"472, 910, 919, 984",US,35.37,-78.54,15690
11479,27505,0,NC,Harnett County,"472, 910, 919, 984",US,35.45,-79.05,6250
11481,27507,0,NC,Granville County,"252, 434, 919, 984",US,36.5,-78.55,1460
11482,27508,15,NC,Franklin County,"919, 984",US,35.95,-78.25,1550
11483,27509,0,NC,Granville County,"919, 984",US,36.13,-78.77,3450
11484,27510,38,NC,Orange County,"919, 984",US,35.91,-79.08,11500
11485,27511,32,NC,Wake County,"919, 984",US,35.78,-78.79,29350
11487,27513,33,NC,Wake County,"919, 984",US,35.8,-78.8,43470
11488,27514,5,NC,Orange County,"919, 984",US,35.92,-79.04,20510
11490,27516,1,NC,Orange County,"336, 743, 919, 984",US,35.91,-79.15,37340
11491,27517,3,NC,Orange County,"919, 984",US,35.84,-79.03,26200
11492,27518,52,NC,Wake County,"919, 984",US,35.73,-78.77,20720
11493,27519,7,NC,Wake County,"919, 984",US,35.81,-78.88,66480
11494,27520,0,NC,Johnston County,"919, 984",US,35.64,-78.45,43460
11495,27521,38,NC,Harnett County,"472, 910, 919, 984",US,35.4,-78.66,5660
11496,27522,2,NC,Granville County,"919, 984",US,36.12,-78.68,12710
11497,27523,5,NC,Wake County,"919, 984",US,35.77,-78.94,19120
11498,27524,0,NC,Johnston County,"472, 910, 919, 984",US,35.44,-78.42,11880
11499,27525,8,NC,Franklin County,"252, 919, 984",US,36.1,-78.45,16500
11500,27526,68,NC,Wake County,"472, 910, 919, 984",US,35.54,-78.83,56830
11501,27527,0,NC,Johnston County,"919, 984",US,35.63,-78.36,35640
11502,27528,73,NC,Johnston County,919,US,35.65,-78.45,966
11503,27529,0,NC,Wake County,"919, 984",US,35.69,-78.62,50950
11504,27530,0,NC,Wayne County,"919, 984",US,35.37,-77.97,31000
11505,27531,6,NC,Wayne County,"919, 984",US,35.34,-77.96,475
11508,27534,0,NC,Wayne County,"252, 919, 984",US,35.37,-77.9,27580
11509,27536,52,NC,Vance County,252,US,36.32,-78.41,13530
11510,27537,0,NC,Vance County,"252, 434, 919, 984",US,36.37,-78.37,20000
11511,27539,3,NC,Wake County,"919, 984",US,35.67,-78.81,25960
11512,27540,3,NC,Wake County,"919, 984",US,35.65,-78.83,46530
11513,27541,0,NC,Person County,"336, 743, 919, 984",US,36.25,-79.08,3710
11514,27542,0,NC,Johnston County,"252, 919, 984",US,35.59,-78.12,8680
11516,27544,6,NC,Vance County,"252, 919, 984",US,36.22,-78.44,3490
11517,27545,37,NC,Wake County,"919, 984",US,35.79,-78.48,30250
11518,27546,0,NC,Harnett County,"472, 910, 919, 984",US,35.39,-78.81,16510
11519,27549,0,NC,Franklin County,"252, 919, 984",US,36.1,-78.29,20430
11520,27551,0,NC,Warren County,"252, 434",US,36.43,-78.08,1570
11522,27553,0,NC,Warren County,"252, 434",US,36.47,-78.29,1720
11525,27557,1,NC,Nash County,"252, 919, 984",US,35.78,-78.2,7410
11526,27559,0,NC,Chatham County,"919, 984",US,35.62,-79.08,2280
11527,27560,45,NC,Wake County,"919, 984",US,35.83,-78.83,36570
11528,27562,0,NC,Wake County,"919, 984",US,35.64,-78.98,4610
11529,27563,3,NC,Warren County,"252, 434",US,36.44,-78.19,3660
11530,27564,0,NC,Granville County,919,US,36.11,-78.68,0
11531,27565,0,NC,Granville County,"252, 336, 434, 743, 919, 984",US,36.31,-78.58,21820
11533,27569,1,NC,Johnston County,"919, 984",US,35.46,-78.16,7760
11535,27571,23,NC,Wake County,"919, 984",US,35.92,-78.45,9000
11536,27572,0,NC,Person County,"336, 743, 919, 984",US,36.22,-78.93,6110
11537,27573,25,NC,Person County,"336, 743",US,36.4,-78.98,8970
11538,27574,3,NC,Person County,"336, 434, 743, 919, 984",US,36.41,-78.85,12610
11539,27576,0,NC,Johnston County,"919, 984",US,35.53,-78.28,15640
11540,27577,23,NC,Johnston County,"919, 984",US,35.5,-78.34,21250
11541,27581,0,NC,Granville County,"919, 984",US,36.19,-78.72,3430
11543,27583,1,NC,Person County,"336, 743, 919, 984",US,36.28,-78.95,6910
11546,27587,2,NC,Wake County,"919, 984",US,35.97,-78.52,75170
11548,27589,0,NC,Warren County,"252, 434, 919, 984",US,36.4,-78.15,5510
11549,27591,0,NC,Wake County,"919, 984",US,35.78,-78.36,24380
11550,27592,0,NC,Wake County,"919, 984",US,35.54,-78.66,17210
11553,27596,2,NC,Franklin County,"919, 984",US,36.02,-78.47,19420
11554,27597,5,NC,Wake County,"252, 919, 984",US,35.82,-78.31,26450
11556,27601,70,NC,Wake County,"919, 984",US,35.77,-78.63,6840
11558,27603,0,NC,Wake County,"919, 984",US,35.66,-78.65,45330
11559,27604,13,NC,Wake County,"919, 984",US,35.82,-78.56,38660
11560,27605,77,NC,Wake County,"919, 984",US,35.79,-78.65,4680
11561,27606,16,NC,Wake County,"919, 984",US,35.74,-78.72,33990
11562,27607,60,NC,Wake County,"919, 984",US,35.81,-78.72,16540
11563,27608,44,NC,Wake County,"919, 984",US,35.81,-78.65,10750
11564,27609,38,NC,Wake County,"919, 984",US,35.82,-78.65,31840
11565,27610,0,NC,Wake County,"919, 984",US,35.74,-78.55,62890
11567,27612,32,NC,Wake County,"919, 984",US,35.85,-78.71,34350
11568,27613,12,NC,Wake County,"919, 984",US,35.93,-78.71,43640
11569,27614,7,NC,Wake County,"919, 984",US,35.95,-78.62,34230
11570,27615,55,NC,Wake County,"919, 984",US,35.9,-78.64,40860
11571,27616,4,NC,Wake County,"919, 984",US,35.87,-78.54,52910
11572,27617,17,NC,Wake County,"919, 984",US,35.91,-78.77,18430
11600,27701,64,NC,Durham County,"919, 984",US,36,-78.9,17170
11602,27703,15,NC,Durham County,"919, 984",US,35.96,-78.81,57450
11603,27704,2,NC,Durham County,"919, 984",US,36.04,-78.83,33470
11604,27705,9,NC,Durham County,"919, 984",US,36.03,-78.98,36990
11605,27706,48,NC,Durham County,919,US,35.98,-78.91,0
11606,27707,43,NC,Durham County,"919, 984",US,35.98,-78.91,39090
11611,27712,0,NC,Durham County,"919, 984",US,36.1,-78.9,20870
11612,27713,6,NC,Durham County,"919, 984",US,35.9,-78.92,48920
11616,27801,3,NC,Edgecombe County,252,US,35.91,-77.73,15090
11618,27803,14,NC,Nash County,252,US,35.9,-77.86,17660
11619,27804,1,NC,Nash County,252,US,35.95,-77.81,24720
11620,27805,0,NC,Bertie County,252,US,36.22,-77.11,2620
11621,27806,0,NC,Beaufort County,252,US,35.3,-76.78,1670
11622,27807,0,NC,Nash County,252,US,35.78,-78.11,6400
11623,27808,0,NC,Beaufort County,252,US,35.47,-76.81,2210
11624,27809,0,NC,Nash County,252,US,36.04,-77.75,3830
11625,27810,0,NC,Beaufort County,252,US,35.54,-76.62,2790
11627,27812,0,NC,Pitt County,252,US,35.8,-77.37,1970
11629,27814,0,NC,Beaufort County,252,US,35.36,-76.92,1310
11631,27816,0,NC,Nash County,"252, 919, 984",US,36.08,-78.05,2250
11632,27817,0,NC,Beaufort County,252,US,35.51,-77.09,6470
11633,27818,0,NC,Hertford County,"252, 757, 948",US,36.49,-77.01,980
11635,27820,0,NC,Northampton County,252,US,36.43,-77.22,2030
11636,27821,5,NC,Beaufort County,252,US,35.32,-76.89,240
11637,27822,29,NC,Wilson County,252,US,35.8,-77.86,7430
11638,27823,0,NC,Halifax County,252,US,36.17,-77.66,5370
11639,27824,9,NC,Hyde County,252,US,35.54,-76.02,930
11641,27826,0,NC,Hyde County,252,US,35.57,-76.24,450
11643,27828,66,NC,Pitt County,252,US,35.59,-77.59,7360
11644,27829,0,NC,Pitt County,252,US,35.67,-77.63,1410
11645,27830,0,NC,Wayne County,"252, 919, 984",US,35.54,-77.97,3630
11646,27831,0,NC,Northampton County,"252, 434",US,36.44,-77.55,2210
11647,27832,0,NC,Northampton County,"252, 434",US,36.52,-77.74,2210
11649,27834,0,NC,Pitt County,252,US,35.66,-77.38,44030
11652,27837,0,NC,Pitt County,252,US,35.56,-77.19,5520
11653,27839,0,NC,Halifax County,252,US,36.32,-77.59,2060
11654,27840,0,NC,Martin County,252,US,35.94,-77.2,380
11656,27842,1,NC,Northampton County,"252, 434",US,36.53,-77.83,1170
11657,27843,0,NC,Halifax County,252,US,36.02,-77.39,860
11658,27844,2,NC,Halifax County,"252, 919, 984",US,36.25,-77.92,2160
11659,27845,0,NC,Northampton County,252,US,36.39,-77.41,1180
11660,27846,0,NC,Martin County,252,US,35.81,-76.89,2340
11661,27847,0,NC,Bertie County,252,US,36.18,-77.22,610
11662,27849,0,NC,Bertie County,252,US,36.08,-77.22,1080
11663,27850,0,NC,Halifax County,"252, 434",US,36.43,-77.91,5180
11664,27851,5,NC,Wilson County,"252, 919, 984",US,35.64,-78,4650
11665,27852,0,NC,Edgecombe County,252,US,35.75,-77.67,2330
11666,27853,0,NC,Northampton County,"252, 434, 757, 948",US,36.53,-77.35,380
11667,27854,1,NC,Northampton County,252,US,36.4,-77.23,0
11668,27855,6,NC,Hertford County,252,US,36.44,-77.09,4140
11669,27856,57,NC,Nash County,252,US,35.96,-77.95,15040
11670,27857,3,NC,Martin County,252,US,35.96,-77.3,880
11671,27858,1,NC,Pitt County,252,US,35.59,-77.37,40410
11672,27860,0,NC,Beaufort County,252,US,35.58,-76.65,1560
11674,27862,2,NC,Northampton County,"252, 757, 948",US,36.47,-77.19,550
11675,27863,3,NC,Wayne County,"252, 919, 984",US,35.49,-77.98,11900
11676,27864,0,NC,Edgecombe County,252,US,35.79,-77.63,3830
11677,27865,0,NC,Beaufort County,252,US,35.66,-76.85,1560
11678,27866,0,NC,Northampton County,"252, 434",US,36.51,-77.54,580
11681,27869,0,NC,Northampton County,252,US,36.27,-77.28,1490
11682,27870,0,NC,Halifax County,252,US,36.45,-77.65,21290
11683,27871,12,NC,Martin County,252,US,35.82,-77.25,3410
11684,27872,0,NC,Bertie County,252,US,36.2,-77.23,270
11686,27874,0,NC,Halifax County,252,US,36.13,-77.42,3280
11687,27875,0,NC,Hyde County,252,US,35.46,-76.5,290
11688,27876,0,NC,Northampton County,"252, 434",US,36.49,-77.44,950
11692,27880,2,NC,Wilson County,"252, 919, 984",US,35.76,-78.05,3320
11694,27882,0,NC,Nash County,"252, 919, 984",US,35.94,-78.1,6850
11695,27883,0,NC,Wilson County,"252, 919, 984",US,35.6,-77.82,3320
11696,27884,3,NC,Pitt County,252,US,35.71,-77.27,1180
11697,27885,0,NC,Hyde County,252,US,35.4,-76.27,740
11698,27886,5,NC,Edgecombe County,252,US,35.9,-77.55,15750
11700,27888,0,NC,Greene County,252,US,35.59,-77.69,2230
11701,27889,2,NC,Beaufort County,252,US,35.55,-77.05,23670
11702,27890,8,NC,Halifax County,252,US,36.42,-77.6,1730
11703,27891,0,NC,Nash County,252,US,36.1,-77.71,4340
11704,27892,0,NC,Martin County,252,US,35.85,-77.05,11380
11705,27893,2,NC,Wilson County,"252, 919, 984",US,35.73,-77.92,30290
11708,27896,1,NC,Wilson County,252,US,35.79,-77.98,19100
11709,27897,8,NC,Northampton County,252,US,36.33,-77.21,1130
11712,27909,0,NC,Pasquotank County,252,US,36.29,-76.22,33980
11713,27910,3,NC,Hertford County,252,US,36.28,-76.98,8400
11715,27916,2,NC,Currituck County,252,US,36.32,-75.9,850
11716,27917,1,NC,Currituck County,252,US,36.39,-75.97,610
11717,27919,0,NC,Perquimans County,252,US,36.26,-76.53,1020
11719,27921,1,NC,Camden County,252,US,36.32,-76.16,4830
11720,27922,0,NC,Hertford County,252,US,36.35,-76.9,650
11721,27923,0,NC,Currituck County,252,US,36.37,-75.93,590
11722,27924,0,NC,Bertie County,252,US,36.2,-76.76,2310
11723,27925,0,NC,Tyrrell County,252,US,35.91,-76.25,2990
11724,27926,2,NC,Gates County,"252, 757, 948",US,36.53,-76.57,1220
11725,27927,2,NC,Currituck County,252,US,36.37,-75.83,1220
11726,27928,0,NC,Washington County,252,US,35.87,-76.39,1460
11727,27929,0,NC,Currituck County,252,US,36.44,-76.01,1710
11729,27932,0,NC,Chowan County,252,US,36.05,-76.6,10420
11730,27935,1,NC,Gates County,252,US,36.42,-76.85,1300
11732,27937,0,NC,Gates County,"252, 757, 948",US,36.5,-76.76,3220
11733,27938,13,NC,Gates County,252,US,36.4,-76.75,1070
11734,27939,11,NC,Currituck County,252,US,36.24,-75.87,2590
11735,27941,1,NC,Currituck County,252,US,36.09,-75.82,560
11736,27942,0,NC,Hertford County,252,US,36.3,-76.79,550
11738,27944,0,NC,Perquimans County,252,US,36.18,-76.47,10100
11739,27946,0,NC,Gates County,252,US,36.34,-76.6,970
11740,27947,0,NC,Currituck County,252,US,36.2,-75.86,970
11741,27948,5,NC,Dare County,252,US,36.01,-75.66,11580
11742,27949,0,NC,Dare County,252,US,36.07,-75.71,8490
11743,27950,0,NC,Currituck County,"252, 757, 948",US,36.51,-75.91,1710
11744,27953,0,NC,Dare County,252,US,35.81,-75.91,870
11745,27954,57,NC,Dare County,252,US,35.89,-75.66,6230
11746,27956,1,NC,Currituck County,252,US,36.41,-76,320
11747,27957,3,NC,Bertie County,252,US,36.01,-76.77,1200
11748,27958,14,NC,Currituck County,"252, 757, 948",US,36.48,-76.13,13290
11749,27959,25,NC,Dare County,252,US,35.94,-75.62,2940
11751,27962,0,NC,Washington County,252,US,35.86,-76.74,5580
11752,27964,0,NC,Currituck County,252,US,36.13,-75.8,560
11753,27965,6,NC,Currituck County,252,US,36.28,-75.89,440
11754,27966,0,NC,Currituck County,252,US,36.15,-75.85,1130
11758,27970,0,NC,Washington County,252,US,35.87,-76.61,2480
11760,27973,0,NC,Currituck County,252,US,36.4,-76.09,1630
11761,27974,0,NC,Camden County,252,US,36.27,-76.08,1090
11762,27976,0,NC,Camden County,"252, 757, 948",US,36.44,-76.32,3910
11763,27978,0,NC,Dare County,252,US,35.73,-75.74,116
11764,27979,0,NC,Gates County,252,US,36.44,-76.6,1180
11765,27980,0,NC,Chowan County,252,US,36.25,-76.63,1830
11766,27981,5,NC,Dare County,252,US,35.83,-75.64,1410
11768,27983,1,NC,Bertie County,252,US,36,-76.94,6100
11770,27986,2,NC,Hertford County,252,US,36.38,-76.93,880
11771,28001,0,NC,Stanly County,"336, 472, 704, 743, 910, 980",US,35.36,-80.19,22140
11773,28006,1,NC,Gaston County,"704, 980",US,35.41,-81.09,1080
11777,28012,0,NC,Gaston County,"704, 803, 839, 980",US,35.24,-81.04,24440
11778,28016,0,NC,Gaston County,"704, 980",US,35.28,-81.28,11180
11780,28018,0,NC,Rutherford County,"704, 828, 980",US,35.36,-81.83,4420
11782,28020,4,NC,Cleveland County,"704, 828, 980",US,35.51,-81.61,2040
11783,28021,2,NC,Gaston County,"704, 980",US,35.38,-81.38,11260
11784,28023,1,NC,Rowan County,"704, 980",US,35.57,-80.58,14130
11786,28025,0,NC,Cabarrus County,"704, 980",US,35.4,-80.59,51670
11788,28027,32,NC,Cabarrus County,"704, 980",US,35.41,-80.68,71680
11789,28031,10,NC,Mecklenburg County,"704, 980",US,35.48,-80.86,28710
11790,28032,5,NC,Gaston County,"704, 980",US,35.23,-81.08,3030
11791,28033,4,NC,Lincoln County,"704, 980",US,35.42,-81.33,2750
11792,28034,0,NC,Gaston County,"704, 980",US,35.31,-81.17,16970
11794,28036,4,NC,Mecklenburg County,"704, 980",US,35.49,-80.84,19670
11795,28037,7,NC,Lincoln County,"704, 980",US,35.53,-81.03,26550
11798,28040,3,NC,Rutherford County,"704, 828, 980",US,35.32,-81.75,6060
11801,28043,4,NC,Rutherford County,828,US,35.33,-81.86,16350
11802,28052,1,NC,Gaston County,"704, 803, 839, 980",US,35.21,-81.23,28790
11804,28054,47,NC,Gaston County,"704, 980",US,35.25,-81.17,32890
11806,28056,25,NC,Gaston County,"704, 803, 839, 980",US,35.22,-81.13,31790
11808,28071,3,NC,Rowan County,"704, 980",US,35.52,-80.33,2720
11810,28073,0,NC,Cleveland County,"704, 864, 980",US,35.17,-81.45,4430
11812,28075,2,NC,Cabarrus County,"704, 980",US,35.32,-80.66,21090
11815,28078,8,NC,Mecklenburg County,"704, 980",US,35.41,-80.84,65730
11816,28079,0,NC,Union County,"704, 980",US,35.07,-80.67,38540
11817,28080,0,NC,Lincoln County,"704, 980",US,35.44,-81.15,7910
11818,28081,3,NC,Cabarrus County,"704, 980",US,35.5,-80.67,25370
11820,28083,0,NC,Cabarrus County,"704, 980",US,35.49,-80.62,22270
11821,28086,24,NC,Cleveland County,"704, 803, 839, 864, 980",US,35.24,-81.34,24600
11822,28088,36,NC,Rowan County,"704, 980",US,35.54,-80.61,3170
11824,28090,0,NC,Cleveland County,"704, 828, 980",US,35.41,-81.56,6410
11825,28091,0,NC,Anson County,"472, 704, 910, 980",US,34.96,-79.98,1660
11826,28092,2,NC,Lincoln County,"704, 828, 980",US,35.47,-81.24,32990
11828,28097,0,NC,Stanly County,"704, 980",US,35.25,-80.43,6720
11829,28098,39,NC,Gaston County,"704, 980",US,35.26,-81.1,3380
11830,28101,21,NC,Gaston County,"704, 980",US,35.26,-81.08,810
11832,28103,1,NC,Union County,"704, 843, 854, 980",US,34.98,-80.36,9390
11833,28104,5,NC,Union County,"704, 980",US,35.06,-80.69,34740
11834,28105,29,NC,Mecklenburg County,"704, 980",US,35.12,-80.71,41800
11836,28107,3,NC,Cabarrus County,"704, 980",US,35.22,-80.5,9300
11839,28110,2,NC,Union County,"704, 980",US,35.07,-80.52,49890
11841,28112,0,NC,Union County,"704, 803, 839, 843, 854, 980",US,34.98,-80.54,24210
11842,28114,0,NC,Rutherford County,"704, 828, 864, 980",US,35.23,-81.75,5550
11843,28115,1,NC,Iredell County,"704, 980",US,35.57,-80.81,40670
11844,28117,63,NC,Iredell County,"704, 828, 980",US,35.57,-80.9,46210
11845,28119,0,NC,Anson County,"472, 704, 843, 854, 910, 980",US,34.86,-80,2020
11846,28120,0,NC,Gaston County,"704, 980",US,35.3,-81.03,22080
11848,28124,0,NC,Cabarrus County,"704, 980",US,35.4,-80.43,6320
11849,28125,0,NC,Rowan County,"704, 980",US,35.65,-80.72,2560
11851,28127,0,NC,Stanly County,"336, 704, 743, 980",US,35.44,-80.21,5920
11852,28128,4,NC,Stanly County,"472, 704, 910, 980",US,35.22,-80.12,6340
11853,28129,0,NC,Stanly County,"704, 980",US,35.22,-80.32,5320
11855,28133,0,NC,Anson County,"704, 843, 854, 980",US,34.99,-80.26,2260
11856,28134,57,NC,Mecklenburg County,"704, 803, 839, 980",US,35.08,-80.88,11330
11857,28135,0,NC,Anson County,"704, 980",US,35,-80.2,3180
11859,28137,0,NC,Stanly County,"336, 704, 743, 980",US,35.47,-80.25,2630
11860,28138,3,NC,Rowan County,"704, 980",US,35.55,-80.4,9640
11861,28139,0,NC,Rutherford County,"828, 864",US,35.36,-81.96,16220
11862,28144,7,NC,Rowan County,"336, 704, 743, 980",US,35.66,-80.48,19570
11864,28146,0,NC,Rowan County,"336, 704, 743, 980",US,35.62,-80.39,26030
11865,28147,1,NC,Rowan County,"336, 704, 743, 980",US,35.68,-80.56,21970
11866,28150,0,NC,Cleveland County,"704, 828, 980",US,35.28,-81.54,23140
11868,28152,1,NC,Cleveland County,"704, 864, 980",US,35.24,-81.6,20490
11869,28159,42,NC,Rowan County,"704, 980",US,35.69,-80.43,2630
11870,28160,40,NC,Rutherford County,828,US,35.36,-81.92,2940
11871,28163,0,NC,Stanly County,"704, 980",US,35.23,-80.42,5010
11872,28164,0,NC,Gaston County,"704, 980",US,35.35,-81.09,13890
11873,28166,11,NC,Iredell County,"704, 828, 980",US,35.7,-80.89,10240
11874,28167,0,NC,Rutherford County,828,US,35.49,-81.96,2060
11875,28168,11,NC,Lincoln County,"704, 828, 980",US,35.53,-81.39,8970
11877,28170,0,NC,Anson County,"472, 704, 910, 980",US,34.96,-80.06,8750
11878,28173,62,NC,Union County,"704, 803, 839, 980",US,34.92,-80.74,65700
11879,28174,28,NC,Union County,"704, 980",US,34.98,-80.44,7090
11881,28202,84,NC,Mecklenburg County,"704, 980",US,35.23,-80.84,11450
11882,28203,72,NC,Mecklenburg County,"704, 980",US,35.21,-80.86,15290
11883,28204,72,NC,Mecklenburg County,"704, 980",US,35.21,-80.83,7280
11884,28205,46,NC,Mecklenburg County,"704, 980",US,35.22,-80.79,40200
11885,28206,47,NC,Mecklenburg County,"704, 980",US,35.26,-80.82,11170
11886,28207,51,NC,Mecklenburg County,"704, 980",US,35.19,-80.83,8700
11887,28208,28,NC,Mecklenburg County,"704, 980",US,35.23,-80.91,32040
11888,28209,46,NC,Mecklenburg County,"704, 980",US,35.18,-80.85,20980
11889,28210,25,NC,Mecklenburg County,"704, 980",US,35.13,-80.86,39970
11890,28211,24,NC,Mecklenburg County,"704, 980",US,35.17,-80.8,28940
11891,28212,33,NC,Mecklenburg County,"704, 980",US,35.19,-80.74,32980
11892,28213,22,NC,Mecklenburg County,"704, 980",US,35.29,-80.73,37760
11893,28214,4,NC,Mecklenburg County,"704, 980",US,35.28,-80.97,39530
11894,28215,0,NC,Mecklenburg County,"704, 980",US,35.24,-80.69,57170
11895,28216,4,NC,Mecklenburg County,"704, 980",US,35.31,-80.89,49760
11896,28217,24,NC,Mecklenburg County,"704, 980",US,35.17,-80.91,24030
11904,28226,20,NC,Mecklenburg County,"704, 980",US,35.1,-80.82,37330
11905,28227,32,NC,Mecklenburg County,"704, 980",US,35.19,-80.65,53180
11919,28244,94,NC,Mecklenburg County,"704, 980",US,35.22,-80.84,0
11920,28246,96,NC,Mecklenburg County,"704, 980",US,35.19,-80.83,0
11924,28254,29,NC,Mecklenburg County,704,US,35.19,-80.83,0
11929,28262,28,NC,Mecklenburg County,"704, 980",US,35.32,-80.74,36290
11933,28269,16,NC,Mecklenburg County,"704, 980",US,35.34,-80.8,74130
11934,28270,14,NC,Mecklenburg County,"704, 980",US,35.11,-80.76,32220
11937,28273,18,NC,Mecklenburg County,"704, 803, 839, 980",US,35.13,-80.95,37330
11940,28277,25,NC,Mecklenburg County,"704, 803, 839, 980",US,35.05,-80.82,71410
11941,28278,2,NC,Mecklenburg County,"704, 803, 839, 980",US,35.13,-81.01,33230
11942,28280,96,NC,Mecklenburg County,"704, 980",US,35.23,-80.84,0
11943,28281,95,NC,Mecklenburg County,"704, 980",US,35.19,-80.83,0
11944,28282,95,NC,Mecklenburg County,"704, 980",US,35.22,-80.85,54
11945,28284,95,NC,Mecklenburg County,704,US,35.19,-80.83,0
11946,28285,94,NC,Mecklenburg County,"704, 980",US,35.19,-80.83,0
11947,28287,59,NC,Mecklenburg County,704,US,35.19,-80.83,0
11954,28301,29,NC,Cumberland County,"472, 910",US,35.05,-78.87,11980
11956,28303,30,NC,Cumberland County,"472, 910",US,35.09,-78.96,26480
11957,28304,22,NC,Cumberland County,"472, 910",US,35.03,-78.99,32260
11958,28305,35,NC,Cumberland County,"472, 910",US,35.05,-78.91,4970
11959,28306,3,NC,Cumberland County,"472, 910",US,34.96,-78.9,39710
11960,28307,15,NC,Cumberland County,"472, 910",US,35.13,-79,12090
11961,28308,0,NC,Cumberland County,"472, 910",US,35.17,-79.02,705
11964,28311,2,NC,Cumberland County,"472, 910",US,35.17,-78.89,31580
11965,28312,0,NC,Cumberland County,"472, 910",US,34.93,-78.72,17600
11966,28314,18,NC,Cumberland County,"472, 910",US,35.05,-79.03,48470
11967,28315,4,NC,Moore County,"472, 910",US,35.13,-79.42,12390
11968,28318,1,NC,Sampson County,"472, 910",US,34.99,-78.64,4040
11970,28320,1,NC,Bladen County,"472, 910",US,34.53,-78.79,6310
11971,28323,0,NC,Harnett County,"472, 910",US,35.31,-78.83,4390
11973,28326,0,NC,Harnett County,"472, 910, 919, 984",US,35.32,-79.25,22680
11974,28327,0,NC,Moore County,"472, 910, 919, 984",US,35.34,-79.41,17070
11975,28328,0,NC,Sampson County,"472, 910",US,35,-78.33,21050
11980,28333,0,NC,Wayne County,"919, 984",US,35.27,-78.03,9530
11981,28334,0,NC,Harnett County,"472, 910, 919, 984",US,35.31,-78.61,20300
11983,28337,0,NC,Bladen County,"472, 910",US,34.62,-78.61,7930
11984,28338,0,NC,Richmond County,"472, 910",US,35.07,-79.76,3470
11985,28339,0,NC,Harnett County,"472, 910",US,35.32,-78.67,5770
11986,28340,1,NC,Robeson County,"472, 843, 854, 910",US,34.49,-79.11,7640
11987,28341,0,NC,Duplin County,"472, 910, 919, 984",US,35.11,-78.13,3270
11989,28343,0,NC,Scotland County,"472, 843, 854, 910",US,34.75,-79.6,1160
11990,28344,0,NC,Sampson County,"472, 910",US,35.21,-78.68,2800
11991,28345,0,NC,Richmond County,"472, 843, 854, 910",US,34.88,-79.7,9800
11992,28347,0,NC,Richmond County,"472, 910",US,35.03,-79.54,810
11993,28348,4,NC,Cumberland County,"472, 910",US,34.97,-78.95,34520
11994,28349,0,NC,Duplin County,"472, 910, 919, 984",US,34.96,-77.96,2850
11996,28351,0,NC,Scotland County,"472, 843, 854, 910",US,34.85,-79.58,3870
11997,28352,10,NC,Scotland County,"472, 843, 854, 910",US,34.76,-79.47,17970
12000,28356,0,NC,Cumberland County,"472, 910",US,35.25,-78.74,5180
12001,28357,0,NC,Robeson County,"472, 910",US,34.88,-79.07,2430
12002,28358,0,NC,Robeson County,"472, 910",US,34.63,-79.01,26870
12004,28360,0,NC,Robeson County,"472, 910",US,34.67,-79.07,10240
12006,28363,0,NC,Scotland County,"472, 910",US,34.96,-79.55,930
12007,28364,0,NC,Robeson County,"472, 843, 854, 910",US,34.73,-79.35,10330
12008,28365,0,NC,Wayne County,"252, 472, 910, 919, 984",US,35.19,-78.06,12680
12009,28366,0,NC,Sampson County,"472, 910, 919, 984",US,35.25,-78.35,4580
12012,28369,0,NC,Robeson County,"472, 910",US,34.46,-79.01,1710
12014,28371,9,NC,Cumberland County,"472, 910",US,34.9,-79.01,6690
12015,28372,0,NC,Robeson County,"472, 910",US,34.68,-79.19,10320
12016,28373,1,NC,Moore County,"472, 910",US,35.1,-79.47,2350
12017,28374,28,NC,Moore County,"472, 910",US,35.18,-79.46,18380
12019,28376,0,NC,Hoke County,"472, 910",US,34.97,-79.22,40010
12020,28377,0,NC,Robeson County,"472, 910",US,34.81,-79.18,9480
12022,28379,0,NC,Richmond County,"472, 704, 843, 854, 910, 980",US,34.93,-79.76,19700
12024,28382,0,NC,Sampson County,"472, 910",US,34.95,-78.51,5890
12025,28383,0,NC,Robeson County,"472, 843, 854, 910",US,34.53,-79.29,5720
12026,28384,0,NC,Robeson County,"472, 910",US,34.8,-78.97,9920
12027,28385,0,NC,Sampson County,"472, 910",US,35.01,-78.5,2810
12028,28386,0,NC,Robeson County,"472, 910",US,34.83,-79.11,4870
12029,28387,10,NC,Moore County,"472, 910",US,35.18,-79.4,13940
12031,28390,3,NC,Harnett County,"472, 910, 919, 984",US,35.17,-78.98,20700
12032,28391,5,NC,Cumberland County,"472, 910",US,35.01,-78.69,5160
12033,28392,7,NC,Bladen County,"472, 910",US,34.73,-78.79,1420
12034,28393,0,NC,Sampson County,"472, 910",US,34.99,-78.18,1680
12035,28394,0,NC,Moore County,"472, 910, 919, 984",US,35.25,-79.28,5100
12036,28395,0,NC,Cumberland County,"472, 910",US,35.16,-78.73,2550
12037,28396,0,NC,Scotland County,"472, 910",US,34.88,-79.36,2260
12038,28398,53,NC,Duplin County,"472, 910, 919, 984",US,34.99,-78.08,5780
12039,28399,0,NC,Bladen County,"472, 910",US,34.74,-78.7,1510
12040,28401,0,NC,New Hanover County,"472, 910",US,34.27,-77.96,16920
12042,28403,40,NC,New Hanover County,"472, 910",US,34.21,-77.91,24570
12044,28405,53,NC,New Hanover County,"472, 910",US,34.26,-77.87,28020
12048,28409,17,NC,New Hanover County,"472, 910",US,34.15,-77.86,32890
12050,28411,11,NC,New Hanover County,"472, 910",US,34.3,-77.79,35730
12051,28412,4,NC,New Hanover County,"472, 910",US,34.14,-77.93,38450
12052,28420,0,NC,Brunswick County,"472, 910",US,34.07,-78.47,2990
12053,28421,9,NC,Pender County,"472, 910",US,34.52,-78.17,1270
12054,28422,0,NC,Brunswick County,"472, 910",US,34.07,-78.14,7890
12055,28423,0,NC,Columbus County,"472, 910",US,34.31,-78.4,1600
12057,28425,0,NC,Pender County,"472, 910",US,34.55,-77.92,8710
12058,28428,3,NC,New Hanover County,"472, 910",US,34.04,-77.89,6410
12059,28429,1,NC,New Hanover County,"472, 910",US,34.35,-77.9,7790
12060,28430,0,NC,Columbus County,"472, 910",US,34.32,-78.92,1460
12061,28431,1,NC,Columbus County,"472, 910",US,34.32,-78.82,5360
12062,28432,0,NC,Columbus County,"472, 910",US,34.17,-78.76,1670
12063,28433,0,NC,Bladen County,"472, 910",US,34.48,-78.65,3720
12064,28434,0,NC,Bladen County,"472, 910",US,34.42,-78.46,810
12065,28435,0,NC,Pender County,"472, 910",US,34.46,-78.1,1930
12066,28436,4,NC,Columbus County,"472, 910",US,34.28,-78.27,1780
12067,28438,1,NC,Columbus County,"472, 910",US,34.4,-78.9,1380
12068,28439,0,NC,Columbus County,"472, 843, 854, 910",US,34.31,-79.03,980
12069,28441,0,NC,Sampson County,"472, 910",US,34.78,-78.39,2670
12070,28442,0,NC,Columbus County,"472, 910",US,34.29,-78.59,1200
12071,28443,0,NC,Pender County,"472, 910",US,34.36,-77.71,25610
12072,28444,3,NC,Sampson County,"472, 910",US,34.72,-78.2,1800
12073,28445,0,NC,Onslow County,"472, 910",US,34.49,-77.55,9940
12074,28447,0,NC,Sampson County,"472, 910",US,34.6,-78.25,1030
12075,28448,0,NC,Bladen County,"472, 910",US,34.46,-78.32,740
12076,28449,2,NC,New Hanover County,"472, 910",US,33.99,-77.91,1870
12077,28450,4,NC,Columbus County,"472, 910",US,34.31,-78.51,1860
12078,28451,1,NC,Brunswick County,"472, 910",US,34.24,-78,38960
12079,28452,9,NC,Brunswick County,"472, 910",US,34,-78.54,570
12080,28453,0,NC,Duplin County,"472, 910",US,34.89,-78.05,3040
12081,28454,0,NC,Onslow County,"472, 910",US,34.66,-77.69,2800
12082,28455,0,NC,Columbus County,"472, 910",US,34.13,-78.66,1460
12083,28456,10,NC,Columbus County,"472, 910",US,34.34,-78.26,2900
12084,28457,0,NC,Pender County,"472, 910",US,34.43,-77.88,10580
12085,28458,0,NC,Duplin County,"472, 910",US,34.82,-78.02,4780
12087,28460,0,NC,Onslow County,"472, 910",US,34.55,-77.37,12530
12088,28461,1,NC,Brunswick County,"472, 910",US,33.92,-78.02,21490
12089,28462,0,NC,Brunswick County,"472, 910",US,34.01,-78.26,11010
12090,28463,0,NC,Columbus County,"472, 843, 854, 910",US,34.14,-78.87,5830
12091,28464,0,NC,Duplin County,"472, 910",US,34.78,-78.02,1960
12092,28465,29,NC,Brunswick County,"472, 910",US,33.91,-78.1,7660
12093,28466,3,NC,Duplin County,"472, 910",US,34.73,-77.99,7650
12094,28467,17,NC,Brunswick County,"472, 843, 854, 910",US,33.89,-78.57,10950
12095,28468,22,NC,Brunswick County,"472, 843, 854, 910",US,33.87,-78.51,4970
12096,28469,1,NC,Brunswick County,"472, 910",US,33.93,-78.47,8570
12097,28470,36,NC,Brunswick County,"472, 910",US,33.95,-78.39,9050
12098,28472,0,NC,Columbus County,"472, 910",US,34.32,-78.7,13980
12099,28478,1,NC,Pender County,"472, 910",US,34.69,-77.98,3850
12100,28479,0,NC,Brunswick County,"472, 910",US,34.1,-78.02,6360
12101,28480,32,NC,New Hanover County,"472, 910",US,34.23,-77.8,2350
12102,28501,0,NC,Lenoir County,252,US,35.27,-77.59,13810
12105,28504,1,NC,Lenoir County,252,US,35.22,-77.63,17030
12106,28508,2,NC,Duplin County,"252, 472, 910, 919, 984",US,35.11,-77.85,1910
12108,28510,0,NC,Pamlico County,252,US,35.01,-76.82,1340
12109,28511,8,NC,Carteret County,252,US,34.89,-76.33,480
12110,28512,2,NC,Carteret County,252,US,34.7,-76.73,3060
12111,28513,0,NC,Pitt County,252,US,35.47,-77.42,8630
12112,28515,0,NC,Pamlico County,252,US,35.18,-76.7,1770
12113,28516,0,NC,Carteret County,252,US,34.72,-76.65,9420
12114,28518,3,NC,Duplin County,"472, 910",US,34.92,-77.77,6960
12116,28520,0,NC,Carteret County,252,US,35,-76.32,220
12117,28521,0,NC,Duplin County,"472, 910",US,34.82,-77.74,1780
12119,28523,0,NC,Craven County,252,US,35.18,-77.32,2130
12120,28524,0,NC,Carteret County,252,US,34.79,-76.47,280
12121,28525,0,NC,Lenoir County,252,US,35.15,-77.69,2810
12122,28526,0,NC,Craven County,252,US,35.21,-77.43,1920
12123,28527,0,NC,Craven County,252,US,35.29,-77.03,1110
12124,28528,5,NC,Carteret County,252,US,34.72,-76.54,500
12125,28529,3,NC,Pamlico County,252,US,35.07,-76.85,1760
12126,28530,0,NC,Pitt County,252,US,35.37,-77.43,6050
12127,28531,4,NC,Carteret County,252,US,34.69,-76.55,1080
12128,28532,3,NC,Craven County,252,US,34.9,-76.89,19110
12129,28533,3,NC,Craven County,252,US,34.9,-76.9,2306
12130,28537,0,NC,Pamlico County,252,US,35.26,-76.56,141
12131,28538,3,NC,Greene County,252,US,35.42,-77.58,2000
12132,28539,3,NC,Onslow County,"472, 910",US,34.66,-77.23,16280
12133,28540,0,NC,Onslow County,"472, 910",US,34.76,-77.4,42420
12136,28543,21,NC,Onslow County,"472, 910",US,34.73,-77.37,3750
12137,28544,0,NC,Onslow County,"472, 910",US,34.7,-77.29,4290
12138,28545,11,NC,Onslow County,910,US,34.67,-77.52,1177
12139,28546,3,NC,Onslow County,"472, 910",US,34.8,-77.36,43930
12140,28547,2,NC,Onslow County,"252, 472, 910",US,34.68,-77.34,6590
12141,28551,0,NC,Lenoir County,"252, 919, 984",US,35.3,-77.78,11620
12142,28552,0,NC,Pamlico County,252,US,35.3,-76.57,152
12143,28553,0,NC,Carteret County,252,US,34.73,-76.51,350
12145,28555,0,NC,Onslow County,"252, 472, 910",US,34.9,-77.23,4840
12146,28556,0,NC,Pamlico County,252,US,35.11,-76.69,730
12147,28557,7,NC,Carteret County,252,US,34.72,-76.73,13110
12148,28560,0,NC,Craven County,252,US,35.11,-77.07,23910
12150,28562,0,NC,Craven County,252,US,35.08,-77.13,35900
12153,28570,12,NC,Carteret County,252,US,34.78,-76.86,19210
12154,28571,0,NC,Pamlico County,252,US,35.03,-76.68,2360
12155,28572,0,NC,Duplin County,"252, 472, 910, 919, 984",US,35.05,-77.74,5450
12156,28573,0,NC,Jones County,"252, 472, 910",US,35,-77.22,1880
12157,28574,3,NC,Onslow County,"252, 472, 910",US,34.89,-77.54,17080
12159,28577,1,NC,Carteret County,252,US,34.89,-76.39,210
12160,28578,0,NC,Wayne County,"252, 919, 984",US,35.22,-77.84,4980
12161,28579,8,NC,Carteret County,252,US,34.76,-76.51,480
12162,28580,1,NC,Greene County,252,US,35.45,-77.67,8090
12163,28581,0,NC,Carteret County,252,US,34.85,-76.41,170
12164,28582,0,NC,Carteret County,"252, 472, 910",US,34.77,-77.12,2010
12166,28584,0,NC,Carteret County,"252, 472, 910",US,34.69,-77.12,13010
12167,28585,0,NC,Jones County,"252, 472, 910",US,35.06,-77.35,2980
12168,28586,4,NC,Craven County,252,US,35.3,-77.15,6070
12169,28587,0,NC,Pamlico County,252,US,35.18,-76.66,180
12171,28590,0,NC,Pitt County,252,US,35.52,-77.39,26660
12172,28594,3,NC,Carteret County,"252, 472, 910",US,34.69,-76.97,4260
12173,28601,55,NC,Catawba County,828,US,35.77,-81.33,45790
12174,28602,0,NC,Catawba County,"704, 828, 980",US,35.73,-81.32,24840
12176,28604,0,NC,Watauga County,828,US,36.16,-81.87,5560
12177,28605,1,NC,Watauga County,828,US,36.12,-81.67,3610
12178,28606,0,NC,Wilkes County,"336, 743, 828",US,36.05,-81.32,1710
12179,28607,5,NC,Watauga County,"336, 743, 828",US,36.2,-81.66,19560
12181,28609,0,NC,Catawba County,"704, 828, 980",US,35.7,-81.07,5600
12182,28610,3,NC,Catawba County,"704, 828, 980",US,35.71,-81.15,8990
12183,28611,0,NC,Caldwell County,828,US,36.01,-81.74,530
12184,28612,1,NC,Burke County,"704, 828, 980",US,35.65,-81.54,9510
12185,28613,3,NC,Catawba County,828,US,35.7,-81.21,20910
12186,28615,0,NC,Ashe County,"276, 336, 423, 743",US,36.44,-81.65,1440
12188,28617,0,NC,Ashe County,"336, 743",US,36.47,-81.37,1850
12189,28618,0,NC,Watauga County,"336, 743, 828",US,36.23,-81.51,2050
12191,28621,3,NC,Surry County,"336, 743",US,36.25,-80.84,8300
12192,28622,0,NC,Avery County,"423, 828",US,36.15,-81.98,1870
12193,28623,0,NC,Alleghany County,"276, 336, 743",US,36.55,-81,1400
12194,28624,0,NC,Wilkes County,"336, 743, 828",US,36.13,-81.41,1260
12195,28625,1,NC,Iredell County,"336, 704, 743, 828, 980",US,35.87,-80.89,34320
12196,28626,6,NC,Ashe County,"336, 743, 828",US,36.3,-81.51,2140
12197,28627,3,NC,Alleghany County,"336, 743",US,36.48,-81.05,1110
12199,28629,1,NC,Ashe County,"336, 743",US,36.35,-81.37,233
12200,28630,5,NC,Caldwell County,828,US,35.8,-81.42,16710
12201,28631,0,NC,Ashe County,"276, 336, 743",US,36.56,-81.4,530
12203,28634,0,NC,Iredell County,"336, 704, 743, 980",US,35.95,-80.77,4440
12204,28635,0,NC,Wilkes County,"336, 743",US,36.24,-81.11,2990
12205,28636,0,NC,Alexander County,"704, 828, 980",US,35.9,-81.09,4440
12206,28637,0,NC,Burke County,828,US,35.71,-81.42,1900
12207,28638,18,NC,Caldwell County,828,US,35.84,-81.48,10610
12208,28640,6,NC,Ashe County,"336, 743",US,36.42,-81.46,3920
12210,28642,0,NC,Yadkin County,"336, 743",US,36.23,-80.84,4380
12211,28643,0,NC,Ashe County,"276, 336, 743",US,36.49,-81.5,2630
12212,28644,0,NC,Ashe County,"336, 743",US,36.44,-81.25,1280
12213,28645,1,NC,Caldwell County,"336, 743, 828",US,35.9,-81.53,36740
12216,28649,0,NC,Wilkes County,"336, 743",US,36.33,-81.23,720
12217,28650,0,NC,Catawba County,"704, 828, 980",US,35.57,-81.2,11910
12218,28651,3,NC,Wilkes County,"336, 743",US,36.18,-81.23,5450
12221,28654,0,NC,Wilkes County,"336, 704, 743, 828, 980",US,36.06,-81.16,2990
12222,28655,0,NC,Burke County,"704, 828, 980",US,35.74,-81.69,42500
12224,28657,9,NC,Avery County,"423, 828",US,36.08,-81.92,6990
12225,28658,57,NC,Catawba County,"704, 828, 980",US,35.66,-81.21,23540
12226,28659,0,NC,Wilkes County,"336, 743",US,36.16,-81.14,16370
12227,28660,0,NC,Iredell County,"704, 980",US,35.95,-80.85,1970
12230,28663,0,NC,Alleghany County,"276, 336, 743",US,36.55,-81.3,570
12232,28665,0,NC,Wilkes County,"336, 743, 828",US,36.21,-81.38,2120
12235,28668,3,NC,Alleghany County,"336, 743",US,36.4,-80.98,310
12236,28669,0,NC,Wilkes County,"336, 743",US,36.21,-81,2360
12237,28670,2,NC,Wilkes County,"336, 743",US,36.22,-80.94,2240
12239,28672,3,NC,Ashe County,"336, 743",US,36.48,-81.33,50
12240,28673,0,NC,Catawba County,"704, 828, 980",US,35.57,-80.99,6490
12242,28675,4,NC,Alleghany County,"276, 336, 743",US,36.5,-81.13,5070
12243,28676,0,NC,Surry County,"336, 743",US,36.33,-80.85,3060
12244,28677,2,NC,Iredell County,"704, 828, 980",US,35.78,-80.88,30800
12245,28678,0,NC,Alexander County,"704, 828, 980",US,35.86,-81.04,4340
12246,28679,0,NC,Watauga County,"423, 828",US,36.26,-81.83,1740
12248,28681,0,NC,Alexander County,"336, 704, 743, 828, 980",US,35.92,-81.17,20800
12249,28682,6,NC,Catawba County,"704, 828, 980",US,35.58,-80.97,1210
12250,28683,3,NC,Surry County,"336, 743",US,36.36,-80.94,1510
12251,28684,0,NC,Ashe County,"336, 423, 743, 828",US,36.3,-81.6,1630
12252,28685,0,NC,Wilkes County,"336, 743",US,36.35,-81.03,1420
12255,28689,0,NC,Iredell County,"336, 704, 743, 828, 980",US,36.02,-80.86,1710
12256,28690,3,NC,Burke County,828,US,35.74,-81.55,7570
12258,28692,4,NC,Watauga County,"423, 828",US,36.27,-81.81,3380
12259,28693,0,NC,Ashe County,"336, 743",US,36.46,-81.55,1180
12260,28694,0,NC,Ashe County,"336, 743",US,36.39,-81.49,6760
12261,28697,1,NC,Wilkes County,"336, 743",US,36.14,-81.16,10520
12262,28698,2,NC,Watauga County,"336, 423, 743, 828",US,36.32,-81.74,1740
12264,28701,1,NC,Buncombe County,828,US,35.7,-82.63,3750
12265,28702,0,NC,Graham County,828,US,35.41,-83.61,370
12266,28704,10,NC,Buncombe County,828,US,35.46,-82.58,21480
12267,28705,1,NC,Mitchell County,"423, 828",US,36.01,-82.15,5020
12269,28708,0,NC,Transylvania County,828,US,35.22,-82.87,510
12270,28709,17,NC,Buncombe County,828,US,35.77,-82.45,1780
12272,28711,3,NC,Buncombe County,828,US,35.61,-82.33,11540
12273,28712,0,NC,Transylvania County,"828, 864",US,35.23,-82.73,15140
12274,28713,5,NC,Swain County,828,US,35.42,-83.44,7530
12275,28714,4,NC,Yancey County,"423, 828",US,35.91,-82.29,12930
12276,28715,0,NC,Buncombe County,828,US,35.53,-82.69,24060
12277,28716,0,NC,Haywood County,828,US,35.54,-82.84,15060
12278,28717,0,NC,Jackson County,"828, 864",US,35.1,-83.09,2190
12279,28718,1,NC,Transylvania County,"828, 864",US,35.14,-82.64,520
12280,28719,0,NC,Swain County,"828, 865",US,35.47,-83.31,7760
12282,28721,0,NC,Haywood County,828,US,35.53,-82.91,9180
12283,28722,0,NC,Polk County,"828, 864",US,35.24,-82.2,5620
12284,28723,0,NC,Jackson County,828,US,35.31,-83.17,4920
12287,28726,16,NC,Henderson County,828,US,35.28,-82.41,2930
12290,28729,20,NC,Henderson County,828,US,35.32,-82.6,3380
12291,28730,3,NC,Buncombe County,828,US,35.52,-82.4,8930
12292,28731,3,NC,Henderson County,828,US,35.27,-82.44,8210
12293,28732,9,NC,Henderson County,828,US,35.43,-82.5,17560
12294,28733,0,NC,Graham County,828,US,35.43,-83.81,64
12295,28734,7,NC,Macon County,828,US,35.18,-83.38,23370
12296,28735,0,NC,Henderson County,828,US,35.48,-82.35,280
12297,28736,0,NC,Jackson County,828,US,35.19,-83.08,600
12300,28739,0,NC,Henderson County,828,US,35.26,-82.55,17620
12301,28740,0,NC,Yancey County,"423, 828",US,36.09,-82.27,1860
12302,28741,11,NC,Macon County,"706, 762, 828",US,35.05,-83.19,3180
12303,28742,0,NC,Henderson County,828,US,35.39,-82.64,2890
12304,28743,0,NC,Madison County,"423, 828",US,35.8,-82.88,1600
12306,28745,14,NC,Haywood County,828,US,35.52,-82.97,1260
12307,28746,9,NC,Rutherford County,828,US,35.44,-82.2,2160
12308,28747,0,NC,Transylvania County,828,US,35.13,-82.93,1670
12309,28748,0,NC,Buncombe County,828,US,35.65,-82.68,11060
12312,28751,0,NC,Haywood County,828,US,35.51,-83.09,3550
12313,28752,3,NC,McDowell County,828,US,35.68,-82,24300
12314,28753,41,NC,Madison County,"423, 828",US,35.79,-82.68,9300
12315,28754,0,NC,Madison County,"423, 828",US,35.82,-82.55,6680
12317,28756,0,NC,Polk County,828,US,35.29,-82.16,3630
12320,28759,17,NC,Henderson County,828,US,35.39,-82.57,7150
12322,28761,0,NC,McDowell County,828,US,35.71,-81.93,7020
12323,28762,1,NC,McDowell County,828,US,35.63,-82.17,5790
12324,28763,0,NC,Macon County,"706, 762, 828",US,35.03,-83.47,2410
12326,28766,0,NC,Transylvania County,828,US,35.25,-82.62,1400
12327,28768,0,NC,Transylvania County,828,US,35.27,-82.67,5960
12329,28771,0,NC,Graham County,"423, 828, 865",US,35.32,-83.8,6470
12330,28772,13,NC,Transylvania County,"828, 864",US,35.14,-82.84,1590
12331,28773,0,NC,Polk County,"828, 864",US,35.23,-82.34,2860
12332,28774,0,NC,Jackson County,"828, 864",US,35.1,-83,1040
12333,28775,0,NC,Macon County,"706, 762, 828",US,35.01,-83.31,460
12335,28777,55,NC,Mitchell County,828,US,35.91,-82.06,7370
12336,28778,5,NC,Buncombe County,828,US,35.6,-82.39,8560
12337,28779,3,NC,Jackson County,828,US,35.37,-83.22,12890
12338,28781,0,NC,Macon County,828,US,35.22,-83.64,660
12339,28782,1,NC,Polk County,"828, 864",US,35.2,-82.23,5040
12340,28783,7,NC,Jackson County,828,US,35.27,-83.12,1160
12342,28785,0,NC,Haywood County,"423, 828, 865",US,35.63,-83.02,6710
12343,28786,8,NC,Haywood County,828,US,35.48,-82.99,17810
12344,28787,0,NC,Buncombe County,828,US,35.69,-82.55,19960
12346,28789,0,NC,Jackson County,828,US,35.43,-83.27,5000
12347,28790,0,NC,Henderson County,"828, 864",US,35.2,-82.48,2790
12348,28791,4,NC,Henderson County,828,US,35.36,-82.51,12640
12349,28792,6,NC,Henderson County,828,US,35.32,-82.46,28390
12351,28801,60,NC,Buncombe County,828,US,35.59,-82.56,10590
12353,28803,64,NC,Buncombe County,828,US,35.57,-82.54,28460
12354,28804,61,NC,Buncombe County,828,US,35.65,-82.56,18340
12355,28805,6,NC,Buncombe County,828,US,35.63,-82.48,15540
12356,28806,36,NC,Buncombe County,828,US,35.57,-82.61,36480
12357,28810,26,NC,Buncombe County,828,US,35.57,-82.54,0
12362,28901,0,NC,Cherokee County,828,US,35.19,-83.82,4120
12363,28902,1,NC,Clay County,"706, 762, 828",US,35.02,-83.96,1230
12365,28904,3,NC,Clay County,"706, 762, 828",US,35.04,-83.81,7740
12366,28905,0,NC,Cherokee County,828,US,35.17,-83.92,2570
12367,28906,59,NC,Cherokee County,"423, 706, 762, 828",US,35.09,-84.02,16400
12368,28909,0,NC,Clay County,"706, 762, 828",US,34.99,-83.9,870